{"cameraMode":{"drawMode":0,"name":"Shaded","section":"Shading Mode"},"sceneLighting":true,"audioPlay":false,"sceneViewState":{"m_AlwaysRefresh":false,"showFog":true,"showSkybox":true,"showFlares":true,"showImageEffects":true,"showParticleSystems":true,"showVisualEffectGraphs":true,"m_FxEnabled":true},"in2DMode":false,"pivot":{"x":0.2041093409061432,"y":5.8822855949401859,"z":11.922719955444336},"rotation":{"x":-0.011979246512055397,"y":-0.0584624744951725,"z":-0.0007016322924755514,"w":0.9982183575630188},"size":0.8021398782730103,"orthographic":false}